persona,email
Ana Gómez,ana.gómez@yahoo.com
Luis Pérez,luis.pérez@gmail.com
Pedro García,pedrogarcía@Pedro García
Luis Gómez,luis.gómez@hotmail.com
Sara García,sara.garcía@outlook.com
María González,maría5gonzález@María González
María Fernández,maría6fernández@María Fernández
Juan García,juan.garcía@hotmail.com
Sara Gómez,sara8gómez@Sara Gómez
Sara Fernández,sara.fernández@gmail.com
Sara Fernández,sara.fernández@outlook.com
Pedro Rodríguez,pedrorodríguez@Pedro Rodríguez
Sara Rodríguez,sara.rodríguez@outlook.com
María Pérez,maría13pérez@María Pérez
Luis Pérez,luis.pérez@yahoo.es
Juan Fernández,juanfernández@Juan Fernández
Sara Rodríguez,sararodríguez@Sara Rodríguez
Pedro Fernández,pedro.fernández@hotmail.com
Sara Gómez,sara.gómez@yahoo.com
Juan Fernández,juan.fernández@yahoo.es
Ana González,ana.gonzález@yahoo.com
Sara González,sara.gonzález@hotmail.com
Luis González,luis.gonzález@hotmail.com
Juan González,juangonzález@Juan González
Juan Rodríguez,juan.rodríguez@yahoo.com
Pedro Pérez,pedro.pérez@outlook.com
Luis González,luis.gonzález@hotmail.com
Luis Rodríguez,luis.rodríguez@yahoo.com
Luis García,luis.garcía@outlook.com
Juan García,juan.garcía@hotmail.com
Pedro Gómez,pedro.gómez@yahoo.es
María García,maría.garcía@yahoo.com
María Fernández,maría32fernández@María Fernández
Luis Gómez,luis.gómez@yahoo.com
Luis García,luis.garcía@outlook.com
Juan García,juan35garcía@Juan García
Pedro Rodríguez,pedro36rodríguez@Pedro Rodríguez
María Pérez,maría.pérez@yahoo.es
Pedro Gómez,pedro.gómez@yahoo.es
María Gómez,maría.gómez@gmail.com
Luis González,luis40gonzález@Luis González
Luis Rodríguez,luisrodríguez@Luis Rodríguez
María Fernández,maríafernández@María Fernández
Luis Fernández,luis.fernández@hotmail.com
Pedro García,pedro.garcía@yahoo.es
Sara Pérez,sara.pérez@yahoo.com
Ana Fernández,ana46fernández@Ana Fernández
Pedro Gómez,pedro.gómez@gmail.com
Sara González,sara.gonzález@gmail.com
María García,maría.garcía@gmail.com
María Pérez,maría.pérez@gmail.com
Juan Pérez,juan.pérez@hotmail.com
Luis Rodríguez,luis52rodríguez@Luis Rodríguez
Ana González,anagonzález@Ana González
Ana García,ana.garcía@yahoo.es
Ana Gómez,anagómez@Ana Gómez
María García,maría.garcía@gmail.com
Pedro Fernández,pedro.fernández@yahoo.com
Sara Pérez,sarapérez@Sara Pérez
Juan Fernández,juan.fernández@outlook.com
Sara González,sara.gonzález@yahoo.es
Ana González,anagonzález@Ana González
Pedro Fernández,pedrofernández@Pedro Fernández
Sara García,sara.garcía@yahoo.com
María García,maríagarcía@María García
Pedro García,pedro.garcía@gmail.com
Pedro Gómez,pedro.gómez@yahoo.es
Juan Gómez,juan.gómez@gmail.com
Luis Pérez,luis.pérez@hotmail.com
Luis González,luis.gonzález@hotmail.com
Ana González,ana.gonzález@hotmail.com
Ana González,anagonzález@Ana González
María Gómez,maríagómez@María Gómez
María Pérez,maría.pérez@gmail.com
Luis García,luis.garcía@hotmail.com
Juan García,juan.garcía@hotmail.com
Sara Pérez,sara.pérez@yahoo.com
Pedro Fernández,pedrofernández@Pedro Fernández
María Rodríguez,maríarodríguez@María Rodríguez
María Rodríguez,maría.rodríguez@gmail.com
Juan Pérez,juan.pérez@yahoo.es
Ana Fernández,ana.fernández@gmail.com
Sara Pérez,sara.pérez@outlook.com
Juan González,juangonzález@Juan González
Juan Pérez,juanpérez@Juan Pérez
María Gómez,maría.gómez@hotmail.com
Sara Gómez,saragómez@Sara Gómez
Sara García,sara.garcía@yahoo.com
María González,maría.gonzález@yahoo.es
Ana García,ana.garcía@gmail.com
María Gómez,maríagómez@María Gómez
Ana Fernández,ana91fernández@Ana Fernández
Ana Gómez,anagómez@Ana Gómez
Ana Fernández,anafernández@Ana Fernández
Pedro Gómez,pedro.gómez@outlook.com
Luis Gómez,luis.gómez@hotmail.com
Juan Gómez,juan.gómez@hotmail.com
Juan Pérez,juanpérez@Juan Pérez
Ana Gómez,ana.gómez@hotmail.com
María Fernández,maría.fernández@yahoo.es
